category,review,rating
research repository,My whole team can comment on the same session without chaos. Recording quality is excellent even on slow connections.,5
field research,Works offline and syncs when I get back to WiFi — essential for fieldwork.,5
field research,Project folders keep multi-phase studies manageable. PDF reports look professional enough to share with executives.,5
usability testing,Custom fields on participants let me filter by screener criteria.,5
user research,Automatic session indexing makes it easy to find key moments.,5
user research,The onboarding checklist is paced well — not overwhelming.,5
collaborative whiteboard,CSV export includes everything I need for further analysis. Recording quality is excellent even on slow connections.,5
field research,Session recordings sync instantly — no waiting around. Smart folders auto-populate based on tags — surprisingly powerful.,5
user research,Tag hierarchies let me keep themes organized across a whole study.,5
user research,The highlight reel feature is genuinely useful for presentations. The tagging workflow is intuitive once you get used to it.,5
field research,Bulk-tagging across sessions is a huge time saver. Permissions are granular enough that clients can view but not edit.,5
research repository,Sharing clips with stakeholders takes about 30 seconds.,5
user research,The onboarding checklist is paced well — not overwhelming. Recording quality is excellent even on slow connections.,5
field research,The guest access feature is perfect for external stakeholders. GPS tagging for field observations is exactly what I needed.,5
research repository,Real-time co-editing on affinity diagrams is surprisingly smooth.,5
collaborative whiteboard,GPS tagging for field observations is exactly what I needed.,5
collaborative whiteboard,Custom fields on participants let me filter by screener criteria.,5
usability testing,Being able to rewatch sessions at 1.5x speed has saved me hours. The mobile app doesn't crash when I switch between apps mid-session.,5
user research,The highlight reel feature is genuinely useful for presentations. Works offline and syncs when I get back to WiFi — essential for fieldwork.,5
collaborative whiteboard,Smart folders auto-populate based on tags — surprisingly powerful.,5
collaborative whiteboard,I was running my first study within 20 minutes of signing up. The highlight reel feature is genuinely useful for presentations.,5
field research,I can tag clips without leaving the playback view.,5
collaborative whiteboard,The mobile app doesn't crash when I switch between apps mid-session.,5
user research,I was running my first study within 20 minutes of signing up.,5
field research,Battery drain is reasonable even during long observation sessions. Custom fields on participants let me filter by screener criteria.,5
usability testing,Battery drain is reasonable even during long observation sessions.,5
research repository,Recording quality is excellent even on slow connections.,5
user research,The guest access feature is perfect for external stakeholders. The tagging workflow is intuitive once you get used to it.,5
collaborative whiteboard,GPS tagging for field observations is exactly what I needed. PDF reports look professional enough to share with executives.,5
collaborative whiteboard,Being able to link observations to specific interview questions is great. Battery drain is reasonable even during long observation sessions.,5
user research,The guest access feature is perfect for external stakeholders.,5
research repository,My whole team can comment on the same session without chaos. Searching by tag across projects actually works reliably.,5
collaborative whiteboard,PDF reports look professional enough to share with executives. Permissions are granular enough that clients can view but not edit.,5
usability testing,The help docs are actually written by people who do research.,5
usability testing,Being able to link observations to specific interview questions is great. Real-time co-editing on affinity diagrams is surprisingly smooth.,5
field research,One-click export to Notion is a feature I use every week.,5
collaborative whiteboard,PDF reports look professional enough to share with executives.,5
collaborative whiteboard,Being able to rewatch sessions at 1.5x speed has saved me hours. One-click export to Notion is a feature I use every week.,5
research repository,Sharing clips with stakeholders takes about 30 seconds.,5
field research,Real-time co-editing on affinity diagrams is surprisingly smooth. Searching by tag across projects actually works reliably.,5
collaborative whiteboard,Being able to link observations to specific interview questions is great. CSV export includes everything I need for further analysis.,5
usability testing,Template library covers most of my research formats out of the box.,5
collaborative whiteboard,Real-time co-editing on affinity diagrams is surprisingly smooth. The session recording is crisp and easy to scrub through.,5
research repository,Tag hierarchies let me keep themes organized across a whole study.,5
research repository,Recording quality is excellent even on slow connections.,5
user research,One-click export to Notion is a feature I use every week. I was running my first study within 20 minutes of signing up.,5
field research,GPS tagging for field observations is exactly what I needed. The help docs are actually written by people who do research.,5
user research,The help docs are actually written by people who do research. The timeline view across a research program is genuinely useful.,5
usability testing,My whole team can comment on the same session without chaos. Searching by tag across projects actually works reliably.,5
usability testing,Being able to link observations to specific interview questions is great.,5
research repository,The timeline view across a research program is genuinely useful. The session recording is crisp and easy to scrub through.,5
usability testing,Bulk-tagging across sessions is a huge time saver.,5
usability testing,The guest access feature is perfect for external stakeholders. Battery drain is reasonable even during long observation sessions.,5
research repository,CSV export includes everything I need for further analysis.,5
research repository,Real-time co-editing on affinity diagrams is surprisingly smooth. Project folders keep multi-phase studies manageable.,5
usability testing,The help docs are actually written by people who do research. Smart folders auto-populate based on tags — surprisingly powerful.,5
user research,Tag hierarchies let me keep themes organized across a whole study. The highlight reel feature is genuinely useful for presentations.,5
collaborative whiteboard,Custom fields on participants let me filter by screener criteria.,5
collaborative whiteboard,Works offline and syncs when I get back to WiFi — essential for fieldwork.,5
usability testing,CSV export includes everything I need for further analysis. Sharing clips with stakeholders takes about 30 seconds.,5
collaborative whiteboard,Tag hierarchies let me keep themes organized across a whole study.,5
research repository,The voice memo feature captures context I'd otherwise lose.,5
field research,The mobile app doesn't crash when I switch between apps mid-session.,5
user research,Session recordings sync instantly — no waiting around.,5
field research,Template library covers most of my research formats out of the box. The guest access feature is perfect for external stakeholders.,5
usability testing,Recording quality is excellent even on slow connections. Video clips export cleanly with timecodes intact.,5
field research,Automatic session indexing makes it easy to find key moments.,5
research repository,Screener templates saved me from writing survey questions from scratch. Being able to rewatch sessions at 1.5x speed has saved me hours.,5
collaborative whiteboard,The timeline view across a research program is genuinely useful.,5
usability testing,The onboarding checklist is paced well — not overwhelming.,5
user research,I can tag clips without leaving the playback view.,5
user research,Project folders keep multi-phase studies manageable. The help docs are actually written by people who do research.,5
field research,Bulk-tagging across sessions is a huge time saver.,5
usability testing,Searching by tag across projects actually works reliably.,5
user research,I was running my first study within 20 minutes of signing up.,5
user research,The highlight reel feature is genuinely useful for presentations.,5
usability testing,Template library covers most of my research formats out of the box. The voice memo feature captures context I'd otherwise lose.,5
usability testing,Recording quality is excellent even on slow connections.,5
research repository,Screener templates saved me from writing survey questions from scratch.,5
usability testing,Works offline and syncs when I get back to WiFi — essential for fieldwork. Sharing clips with stakeholders takes about 30 seconds.,5
field research,Permissions are granular enough that clients can view but not edit.,5
research repository,The help docs are actually written by people who do research.,5
collaborative whiteboard,The highlight reel feature is genuinely useful for presentations.,5
collaborative whiteboard,My whole team can comment on the same session without chaos. Being able to rewatch sessions at 1.5x speed has saved me hours.,5
usability testing,Works offline and syncs when I get back to WiFi — essential for fieldwork.,5
field research,Real-time co-editing on affinity diagrams is surprisingly smooth.,5
research repository,Session recordings sync instantly — no waiting around.,5
collaborative whiteboard,Session recordings sync instantly — no waiting around.,5
user research,Project folders keep multi-phase studies manageable. The voice memo feature captures context I'd otherwise lose.,5
collaborative whiteboard,The help docs are actually written by people who do research.,5
user research,Session recordings sync instantly — no waiting around. The tagging workflow is intuitive once you get used to it.,5
user research,Screener templates saved me from writing survey questions from scratch. The voice memo feature captures context I'd otherwise lose.,5
usability testing,Recording quality is excellent even on slow connections.,5
research repository,Recording quality is excellent even on slow connections. Custom fields on participants let me filter by screener criteria.,5
field research,The mobile app doesn't crash when I switch between apps mid-session.,5
collaborative whiteboard,Real-time co-editing on affinity diagrams is surprisingly smooth. Being able to link observations to specific interview questions is great.,5
collaborative whiteboard,Tag hierarchies let me keep themes organized across a whole study.,5
research repository,Bulk-tagging across sessions is a huge time saver.,5
user research,Bulk-tagging across sessions is a huge time saver.,5
field research,I can tag clips without leaving the playback view.,5
collaborative whiteboard,Tag hierarchies let me keep themes organized across a whole study.,5
user research,Being able to link observations to specific interview questions is great.,5
research repository,Project folders keep multi-phase studies manageable.,5
collaborative whiteboard,Sharing clips with stakeholders takes about 30 seconds.,5
usability testing,Smart folders auto-populate based on tags — surprisingly powerful.,5
usability testing,Being able to link observations to specific interview questions is great. The highlight reel feature is genuinely useful for presentations.,5
research repository,Tag hierarchies let me keep themes organized across a whole study.,5
user research,My whole team can comment on the same session without chaos.,5
collaborative whiteboard,Project folders keep multi-phase studies manageable. The session recording is crisp and easy to scrub through.,5
field research,One-click export to Notion is a feature I use every week. Being able to link observations to specific interview questions is great.,5
usability testing,The onboarding checklist is paced well — not overwhelming. Automatic session indexing makes it easy to find key moments.,5
field research,I was running my first study within 20 minutes of signing up. Works offline and syncs when I get back to WiFi — essential for fieldwork.,5
field research,Session recordings sync instantly — no waiting around.,5
user research,CSV export includes everything I need for further analysis.,5
collaborative whiteboard,Custom fields on participants let me filter by screener criteria.,5
research repository,The session recording is crisp and easy to scrub through.,5
usability testing,PDF reports look professional enough to share with executives. Sharing clips with stakeholders takes about 30 seconds.,5
usability testing,The help docs are actually written by people who do research. Sharing clips with stakeholders takes about 30 seconds.,5
field research,I can tag clips without leaving the playback view. GPS tagging for field observations is exactly what I needed.,5
collaborative whiteboard,Recording quality is excellent even on slow connections. Works offline and syncs when I get back to WiFi — essential for fieldwork.,5
usability testing,The mobile app doesn't crash when I switch between apps mid-session.,5
usability testing,Real-time co-editing on affinity diagrams is surprisingly smooth.,5
usability testing,The mobile app doesn't crash when I switch between apps mid-session.,5
field research,Template library covers most of my research formats out of the box.,5
collaborative whiteboard,Video clips export cleanly with timecodes intact.,5
collaborative whiteboard,The mobile app doesn't crash when I switch between apps mid-session. The session recording is crisp and easy to scrub through.,5
user research,I was running my first study within 20 minutes of signing up.,5
collaborative whiteboard,The help docs are actually written by people who do research. Permissions are granular enough that clients can view but not edit.,5
usability testing,Video clips export cleanly with timecodes intact.,5
field research,The voice memo feature captures context I'd otherwise lose.,5
user research,PDF reports look professional enough to share with executives. The voice memo feature captures context I'd otherwise lose.,5
usability testing,Automatic session indexing makes it easy to find key moments.,5
collaborative whiteboard,Permissions are granular enough that clients can view but not edit.,5
collaborative whiteboard,Permissions are granular enough that clients can view but not edit. CSV export includes everything I need for further analysis.,5
research repository,Custom fields on participants let me filter by screener criteria.,5
usability testing,Works offline and syncs when I get back to WiFi — essential for fieldwork.,5
research repository,Works offline and syncs when I get back to WiFi — essential for fieldwork. Template library covers most of my research formats out of the box.,5
collaborative whiteboard,PDF reports look professional enough to share with executives. The guest access feature is perfect for external stakeholders.,5
user research,Works offline and syncs when I get back to WiFi — essential for fieldwork.,5
research repository,Permissions are granular enough that clients can view but not edit. The voice memo feature captures context I'd otherwise lose.,5
research repository,I can tag clips without leaving the playback view.,5
usability testing,Project folders keep multi-phase studies manageable. Template library covers most of my research formats out of the box.,5
field research,I was running my first study within 20 minutes of signing up. Automatic session indexing makes it easy to find key moments.,5
usability testing,Bulk-tagging across sessions is a huge time saver.,5
usability testing,Real-time co-editing on affinity diagrams is surprisingly smooth.,5
research repository,Bulk-tagging across sessions is a huge time saver. The voice memo feature captures context I'd otherwise lose.,5
collaborative whiteboard,Video clips export cleanly with timecodes intact.,5
field research,Custom fields on participants let me filter by screener criteria. Battery drain is reasonable even during long observation sessions.,5
